date,open,high,low,close,to symbol,from symbol
2024-10-17,41.2072,41.2256,41.1891,41.2256,UAH,USD
2024-10-11,41.2202,41.2202,41.1756,41.2072,UAH,USD
2024-10-04,41.2085,41.2755,41.1664,41.2202,UAH,USD
2024-09-27,41.4445,41.4445,41.2085,41.2085,UAH,USD
2024-09-20,41.1855,41.4508,41.1855,41.4445,UAH,USD
2024-09-13,41.089,41.1855,41.0168,41.1855,UAH,USD
2024-09-06,41.2881,41.2881,41.089,41.089,UAH,USD
2024-08-30,41.2881,41.3591,41.1901,41.1901,UAH,USD
2024-08-23,41.1382,41.3459,41.138,41.2881,UAH,USD
2024-08-16,40.9926,41.3464,40.9926,41.1382,UAH,USD
2024-08-09,41.139,41.225,40.9847,40.9926,UAH,USD
2024-08-02,41.1977,41.1977,41.0063,41.139,UAH,USD
2024-07-26,41.422,41.4912,41.1977,41.1977,UAH,USD
2024-07-19,40.8823,41.686,40.8823,41.422,UAH,USD
2024-07-12,40.5458,40.8823,40.132,40.8823,UAH,USD
2024-07-05,40.5374,40.7476,40.4542,40.5458,UAH,USD
2024-06-28,40.4478,40.6545,40.4478,40.5374,UAH,USD
2024-06-21,40.6908,40.6908,40.5184,40.5184,UAH,USD
2024-06-14,40.1537,40.6908,40.1537,40.6908,UAH,USD
2024-06-07,40.5001,40.5373,40.1254,40.1537,UAH,USD
2024-05-31,39.9205,40.5001,39.9205,40.5001,UAH,USD
2024-05-24,39.4305,39.9205,39.4272,39.9205,UAH,USD
2024-05-17,39.5518,39.7206,39.4305,39.4305,UAH,USD
2024-05-10,39.5345,39.5518,39.2966,39.5518,UAH,USD
2024-05-03,39.6015,39.6688,39.5151,39.5345,UAH,USD
2024-04-26,39.7879,39.7879,39.0,39.6702,UAH,USD
2024-04-19,39.0,39.6037,39.0,39.6037,UAH,USD
2024-04-12,39.0201,39.1676,38.8437,39.1676,UAH,USD
2024-04-05,39.2214,39.3236,38.3361,39.0201,UAH,USD
2024-03-29,38.9234,39.343,38.9075,39.2214,UAH,USD
2024-03-22,38.6852,39.1399,38.6852,38.9234,UAH,USD
2024-03-15,38.3361,38.3361,38.3361,38.3361,UAH,USD
2024-03-08,38.3361,38.3361,38.3361,38.3361,UAH,USD
2024-03-01,38.4803,38.4803,37.9484,38.3361,UAH,USD
2024-02-23,37.9484,38.6237,37.9484,38.4803,UAH,USD
2024-02-16,37.5707,38.1734,37.5707,37.9484,UAH,USD
2024-02-09,37.6047,37.6254,37.5544,37.5707,UAH,USD
2024-02-02,37.5825,37.8862,37.5402,37.6047,UAH,USD
2024-01-26,37.7094,37.7094,37.4521,37.5825,UAH,USD
2024-01-19,37.9982,37.9982,37.7094,37.7094,UAH,USD
2024-01-12,38.0412,38.2253,37.9982,37.9982,UAH,USD
2024-01-05,37.9824,38.1159,37.3205,38.0412,UAH,USD
2023-12-29,36.57,37.9824,36.57,37.9824,UAH,USD
2023-12-15,36.57,36.57,36.57,36.57,UAH,USD
2023-12-08,36.57,36.57,36.57,36.57,UAH,USD
2023-12-01,36.57,36.57,36.57,36.57,UAH,USD
2023-11-24,36.57,36.57,36.57,36.57,UAH,USD
2023-11-17,36.57,36.57,36.57,36.57,UAH,USD
2023-11-10,36.57,36.57,36.57,36.57,UAH,USD
2023-11-03,36.57,36.57,36.57,36.57,UAH,USD
2023-10-27,36.57,36.57,36.57,36.57,UAH,USD
2023-10-20,36.57,36.57,36.57,36.57,UAH,USD
2023-10-13,36.57,36.57,36.57,36.57,UAH,USD
2023-10-06,36.57,36.57,36.57,36.57,UAH,USD
2023-09-29,36.57,36.57,36.57,36.57,UAH,USD
2023-09-22,36.57,36.57,36.57,36.57,UAH,USD
2023-09-15,36.57,36.57,36.57,36.57,UAH,USD
2023-09-08,36.57,36.57,36.57,36.57,UAH,USD
2023-09-01,36.56,36.891,36.56,36.57,UAH,USD
2023-08-25,36.56,36.56,36.56,36.56,UAH,USD
2023-08-18,36.562,36.562,36.56,36.56,UAH,USD
2023-08-11,36.562,36.562,36.562,36.562,UAH,USD
2023-08-04,36.562,36.562,36.562,36.562,UAH,USD
2023-07-28,36.564,36.564,36.562,36.562,UAH,USD
2023-07-21,36.564,36.564,36.564,36.564,UAH,USD
2023-07-14,36.565,36.565,36.564,36.564,UAH,USD
2023-07-07,36.565,36.565,36.565,36.565,UAH,USD
2023-06-30,36.568,36.568,36.565,36.565,UAH,USD
2023-06-23,36.568,36.568,36.568,36.568,UAH,USD
2023-06-16,36.568,36.568,36.568,36.568,UAH,USD
2023-06-09,36.568,36.568,36.568,36.568,UAH,USD
2023-06-02,36.5682,36.5682,36.568,36.568,UAH,USD
2023-05-26,36.5685,36.5685,36.5685,36.5685,UAH,USD
2023-05-19,36.5685,36.5685,36.5685,36.5685,UAH,USD
2023-05-12,36.5684,36.5685,36.5684,36.5685,UAH,USD
2023-05-05,36.5684,36.5684,36.5684,36.5684,UAH,USD
2023-04-28,36.5684,36.5684,36.5684,36.5684,UAH,USD
2023-04-21,36.5684,36.5684,36.5684,36.5684,UAH,USD
2023-04-14,36.5684,36.5684,36.5684,36.5684,UAH,USD
2023-04-07,36.5684,36.5684,36.5684,36.5684,UAH,USD
2023-03-31,36.5684,36.5684,36.5684,36.5684,UAH,USD
2023-03-24,36.5685,36.5685,36.5684,36.5684,UAH,USD
2023-03-17,36.5685,36.5685,36.5685,36.5685,UAH,USD
2023-03-10,36.5685,36.5685,36.5685,36.5685,UAH,USD
2023-03-03,36.5685,36.5685,36.5685,36.5685,UAH,USD
2023-02-24,36.565,36.5685,36.565,36.5685,UAH,USD
2023-02-17,36.565,36.565,36.565,36.565,UAH,USD
2023-02-10,36.565,36.565,36.565,36.565,UAH,USD
2023-02-03,36.565,36.565,36.565,36.565,UAH,USD
2023-01-27,36.565,36.7,36.565,36.565,UAH,USD
2023-01-20,36.565,36.565,36.565,36.565,UAH,USD
2023-01-13,36.565,36.569,36.565,36.565,UAH,USD
2023-01-06,36.9,36.9,36.565,36.565,UAH,USD
2022-12-30,36.834,36.92,36.0,36.9,UAH,USD
2022-12-23,36.7,36.85,36.7,36.834,UAH,USD
2022-12-16,36.57,36.7,36.5685,36.7,UAH,USD
2022-12-09,36.56,36.57,36.56,36.57,UAH,USD
2022-12-02,36.5705,36.5705,36.56,36.56,UAH,USD
2022-11-25,36.56,36.5705,36.56,36.5705,UAH,USD
2022-11-18,36.57,36.57,36.56,36.56,UAH,USD
2022-11-11,36.88,36.88,36.56,36.57,UAH,USD
2022-11-04,36.88,36.88,36.88,36.88,UAH,USD
2022-10-28,36.88,36.88,36.88,36.88,UAH,USD
2022-10-21,36.92,36.92,36.88,36.92,UAH,USD
2022-10-14,36.56,36.92,36.56,36.92,UAH,USD
2022-10-07,36.93,36.93,36.56,36.56,UAH,USD
2022-09-30,36.55,36.93,36.55,36.93,UAH,USD
2022-09-23,36.915,36.93,36.55,36.55,UAH,USD
2022-09-16,36.84,36.915,36.57,36.915,UAH,USD
2022-09-09,36.6985,36.925,36.6985,36.84,UAH,USD
2022-09-02,36.7995,36.7995,36.6985,36.6985,UAH,USD
2022-08-26,36.565,36.7995,36.565,36.7995,UAH,USD
2022-08-19,36.568,36.568,36.565,36.565,UAH,USD
2022-08-12,36.925,36.925,36.55,36.568,UAH,USD
2022-08-05,36.568,36.925,36.568,36.925,UAH,USD
2022-07-29,36.5685,36.57,36.565,36.568,UAH,USD
2022-07-22,29.5402,36.5685,29.5355,36.5685,UAH,USD
2022-07-15,29.54,29.5402,29.505,29.5402,UAH,USD
2022-07-08,29.54,29.55,29.54,29.55,UAH,USD
2022-07-01,29.54,29.55,29.52,29.54,UAH,USD
2022-06-24,29.54,29.55,29.52,29.54,UAH,USD
2022-06-17,29.55,29.55,29.54,29.54,UAH,USD
2022-06-10,29.52,29.55,29.5,29.55,UAH,USD
2022-06-03,29.55,29.55,29.52,29.52,UAH,USD
2022-05-27,29.52,29.55,29.5,29.55,UAH,USD
2022-05-20,29.5,29.55,29.5,29.52,UAH,USD
2022-05-13,29.52,29.55,29.5,29.5,UAH,USD
2022-05-06,29.55,29.55,29.25,29.52,UAH,USD
2022-04-29,29.5,29.55,29.5,29.55,UAH,USD
2022-04-22,29.55,29.55,29.42,29.5,UAH,USD
2022-04-15,29.35,29.58,29.35,29.55,UAH,USD
2022-04-08,29.55,29.55,28.98,29.35,UAH,USD
2022-04-01,29.5,29.55,29.3,29.55,UAH,USD
2022-03-25,29.25,29.5,29.24,29.5,UAH,USD
2022-03-18,29.24,29.545,29.24,29.25,UAH,USD
2022-03-11,29.68,29.74,29.24,29.24,UAH,USD
2022-03-04,29.24,29.7,29.24,29.68,UAH,USD
2022-02-25,28.29,29.75,28.29,29.24,UAH,USD
2022-02-18,27.88,28.52,27.88,28.29,UAH,USD
2022-02-11,28.25,28.25,27.845,27.88,UAH,USD
2022-02-04,28.98,28.98,28.11,28.25,UAH,USD
2022-01-28,28.3,28.98,28.3,28.98,UAH,USD
2022-01-21,27.72,28.39,27.72,28.3,UAH,USD
2022-01-14,27.45,27.8,27.45,27.73,UAH,USD
2022-01-07,27.25,27.47,27.24,27.45,UAH,USD
2021-12-31,27.24,27.26,27.2,27.25,UAH,USD
2021-12-24,27.25,27.28,27.188,27.24,UAH,USD
2021-12-17,27.09,27.25,26.88,27.25,UAH,USD
2021-12-10,27.27,27.37,26.89,27.09,UAH,USD
2021-12-03,27.03,27.335,27.03,27.27,UAH,USD
2021-11-26,26.43,27.115,26.43,27.03,UAH,USD
2021-11-19,26.1,26.56,26.1,26.43,UAH,USD
2021-11-12,26.18,26.21,26.05,26.1,UAH,USD
2021-11-05,26.32,26.32,26.0995,26.18,UAH,USD
2021-10-29,26.18,26.42,26.18,26.32,UAH,USD
2021-10-22,26.34,26.34,26.185,26.19,UAH,USD
2021-10-15,26.32,26.368,26.32,26.34,UAH,USD
2021-10-08,26.615,26.615,26.2995,26.32,UAH,USD
2021-10-01,26.52,26.65,26.52,26.615,UAH,USD
2021-09-24,26.655,26.705,26.52,26.52,UAH,USD
2021-09-17,26.7164,26.7164,26.625,26.655,UAH,USD
2021-09-10,27.01,27.01,26.669,26.7164,UAH,USD
2021-09-03,26.758,27.022,26.758,27.01,UAH,USD
2021-08-27,26.64,26.909,26.64,26.758,UAH,USD
2021-08-20,26.75,26.75,26.614,26.64,UAH,USD
2021-08-13,26.92,26.92,26.644,26.75,UAH,USD
2021-08-06,26.768,26.939,26.768,26.92,UAH,USD
2021-07-30,27.18,27.18,26.768,26.768,UAH,USD
2021-07-23,27.2,27.23,27.03,27.18,UAH,USD
2021-07-16,27.28,27.305,27.2,27.2,UAH,USD
2021-07-09,27.37,27.37,27.27,27.28,UAH,USD
2021-07-02,27.43,27.45,27.165,27.37,UAH,USD
2021-06-25,27.17,27.54,27.16,27.43,UAH,USD
2021-06-18,27.015,27.275,26.92,27.17,UAH,USD
2021-06-11,27.32,27.32,27.015,27.015,UAH,USD
2021-06-04,27.526,27.526,27.239,27.32,UAH,USD
2021-05-28,27.45,27.54,27.41,27.526,UAH,USD
2021-05-21,27.635,27.635,27.395,27.45,UAH,USD
2021-05-14,27.71,27.75,27.545,27.635,UAH,USD
2021-05-07,27.74,27.755,27.71,27.71,UAH,USD
2021-04-30,28.05,28.05,27.729,27.74,UAH,USD
2021-04-23,27.95,28.05,27.895,28.05,UAH,USD
2021-04-16,27.97,28.01,27.9,27.95,UAH,USD
2021-04-09,27.82,27.97,27.802,27.97,UAH,USD
2021-04-02,27.9692,27.9692,27.82,27.82,UAH,USD
2021-03-26,27.67,27.9695,27.66,27.9692,UAH,USD
2021-03-19,27.74,27.74,27.63,27.67,UAH,USD
2021-03-12,27.74,27.75,27.69,27.74,UAH,USD
2021-03-05,27.91,27.99,27.715,27.74,UAH,USD
2021-02-26,27.85,27.955,27.82,27.91,UAH,USD
2021-02-19,27.83,27.95,27.79,27.85,UAH,USD
2021-02-12,27.88,27.892,27.63,27.83,UAH,USD
2021-02-05,28.18,28.18,27.72,27.88,UAH,USD
2021-01-29,28.25,28.25,28.101,28.18,UAH,USD
2021-01-22,28.051,28.25,28.04,28.25,UAH,USD
2021-01-15,28.24,28.27,27.96,28.051,UAH,USD
2021-01-08,28.25,28.42,28.24,28.24,UAH,USD
2021-01-01,28.45,28.45,28.45,28.45,UAH,USD
2020-12-25,27.81,28.45,27.8,28.45,UAH,USD
2020-12-18,28.06,28.06,27.72,27.81,UAH,USD
2020-12-11,28.29,28.29,27.94,28.06,UAH,USD
2020-12-04,28.43,28.55,28.245,28.29,UAH,USD
2020-11-27,28.25,28.505,28.25,28.43,UAH,USD
2020-11-20,28.18,28.3,28.1,28.25,UAH,USD
2020-11-13,28.34,28.34,28.09,28.18,UAH,USD
2020-11-06,28.42,28.61,28.11,28.34,UAH,USD
2020-10-30,28.26,28.48,28.26,28.42,UAH,USD
2020-10-23,28.32,28.37,28.23,28.26,UAH,USD
2020-10-16,28.27,28.355,28.2,28.32,UAH,USD
2020-10-09,28.32,28.38,28.0,28.27,UAH,USD
2020-10-02,28.23,28.36,28.23,28.32,UAH,USD
2020-09-25,28.1,28.23,28.1,28.23,UAH,USD
2020-09-18,27.82,28.145,27.82,28.1,UAH,USD
2020-09-11,27.68,27.9,27.0,27.82,UAH,USD
2020-09-04,27.45,27.71,27.45,27.68,UAH,USD
2020-08-28,27.47,27.505,27.38,27.45,UAH,USD
2020-08-21,27.4,27.51,27.2,27.47,UAH,USD
2020-08-14,27.67,27.67,27.31,27.4,UAH,USD
2020-08-07,27.6755,27.85,27.59,27.67,UAH,USD
2020-07-31,27.85,27.85,27.6,27.6755,UAH,USD
2020-07-24,27.26,27.86,27.26,27.85,UAH,USD
2020-07-17,26.92,27.38,26.92,27.26,UAH,USD
2020-07-10,27.15,27.15,26.68,26.92,UAH,USD
2020-07-03,26.69,27.15,26.67,27.15,UAH,USD
2020-06-26,26.74,26.74,26.55,26.69,UAH,USD
2020-06-19,26.61,26.82,26.61,26.74,UAH,USD
2020-06-12,26.68,26.69,26.55,26.61,UAH,USD
2020-06-05,26.89,26.89,26.1,26.68,UAH,USD
2020-05-29,26.75,26.99,26.75,26.89,UAH,USD
2020-05-22,26.593,26.83,26.4625,26.75,UAH,USD
2020-05-15,26.799,26.81,26.588,26.593,UAH,USD
2020-05-08,26.919,26.979,26.7445,26.799,UAH,USD
2020-05-01,27.0945,27.154,26.872,26.919,UAH,USD
2020-04-24,27.04,27.1867,26.9271,27.0977,UAH,USD
2020-04-17,27.11,27.279,26.885,27.04,UAH,USD
2020-04-10,27.429,27.429,27.01,27.11,UAH,USD
2020-04-03,28.06,28.139,27.3075,27.429,UAH,USD
2020-03-27,27.4399,28.25,27.4399,28.06,UAH,USD
2020-03-20,26.19,27.99,26.03,27.4399,UAH,USD
2020-03-13,24.9725,26.19,24.96,26.19,UAH,USD
2020-03-06,24.6275,25.01,24.56,24.9725,UAH,USD
2020-02-28,24.4188,24.655,24.4188,24.6275,UAH,USD
2020-02-21,24.43,24.525,24.355,24.4188,UAH,USD
2020-02-14,24.53,24.545,24.38,24.46,UAH,USD
2020-02-07,24.995,25.11,24.47,24.53,UAH,USD
2020-01-31,24.4,24.995,24.28,24.995,UAH,USD
2020-01-24,24.264,24.54,24.17,24.4,UAH,USD
2020-01-17,23.93,24.315,23.69,24.264,UAH,USD
2020-01-10,23.69,24.14,23.69,23.924,UAH,USD
2020-01-03,23.68,23.73,23.6,23.69,UAH,USD
2019-12-27,23.26,23.74,23.19,23.68,UAH,USD
2019-12-20,23.44,23.58,23.244,23.282,UAH,USD
2019-12-13,23.7,23.71,23.44,23.44,UAH,USD
2019-12-06,23.96,23.96,23.652,23.7,UAH,USD
2019-11-29,24.07,24.07,23.925,23.96,UAH,USD
2019-11-22,24.102,24.218,24.07,24.07,UAH,USD
2019-11-15,24.48,24.485,24.102,24.102,UAH,USD
2019-11-08,24.834,24.834,24.434,24.48,UAH,USD
2019-11-01,25.04,25.155,24.59,24.834,UAH,USD
2019-10-25,25.045,25.125,24.775,25.04,UAH,USD
2019-10-18,24.62,25.085,24.48,25.045,UAH,USD
2019-10-11,24.74,24.915,24.448,24.62,UAH,USD
2019-10-04,24.14,24.91,24.075,24.74,UAH,USD
2019-09-27,24.384,24.42,24.015,24.08,UAH,USD
2019-09-20,24.75,25.11,24.384,24.384,UAH,USD
2019-09-13,25.04,25.15,24.625,24.75,UAH,USD
2019-09-06,25.09,25.36,24.988,25.04,UAH,USD
2019-08-30,25.07,25.25,25.06,25.09,UAH,USD
2019-08-23,25.14,25.31,24.97,25.07,UAH,USD
2019-08-16,25.08,25.3,25.08,25.295,UAH,USD
2019-08-09,25.523,25.71,25.08,25.08,UAH,USD
2019-08-02,25.41,25.54,25.03,25.523,UAH,USD
2019-07-26,26.01,26.01,25.36,25.4,UAH,USD
2019-07-19,25.74,26.02,25.68,26.01,UAH,USD
2019-07-12,25.7,25.85,25.46,25.74,UAH,USD
2019-07-05,26.155,26.168,25.65,25.7,UAH,USD
2019-06-28,26.24,26.25,26.135,26.155,UAH,USD
2019-06-21,26.41,26.44,26.095,26.24,UAH,USD
2019-06-14,26.74,26.74,26.134,26.41,UAH,USD
2019-06-07,26.834,27.245,26.47,26.74,UAH,USD
2019-05-31,26.39,26.945,26.24,26.834,UAH,USD
2019-05-24,26.35,26.5,26.07,26.39,UAH,USD
2019-05-17,26.43,26.445,26.08,26.35,UAH,USD
2019-05-10,26.43,26.51,26.125,26.155,UAH,USD
2019-05-03,26.355,26.63,26.355,26.43,UAH,USD
2019-04-26,26.84,26.84,26.355,26.355,UAH,USD
2019-04-19,26.71,27.17,26.615,26.84,UAH,USD
2019-04-12,26.66,26.864,26.58,26.71,UAH,USD
2019-04-05,27.29,27.29,26.614,26.66,UAH,USD
2019-03-29,26.855,27.29,26.36,27.29,UAH,USD
2019-03-22,26.99,27.285,26.834,26.855,UAH,USD
2019-03-15,26.355,27.084,26.25,26.99,UAH,USD
2019-03-08,27.02,27.02,26.314,26.355,UAH,USD
2019-03-01,26.9845,27.02,26.7845,27.02,UAH,USD
2019-02-22,27.1955,27.37,26.94,26.9845,UAH,USD
2019-02-15,27.117,27.34,26.85,27.1955,UAH,USD
2019-02-08,27.45,27.457,26.816,27.117,UAH,USD
2019-02-01,27.7571,27.787,27.45,27.45,UAH,USD
2019-01-25,27.927,27.9869,27.517,27.7571,UAH,USD
2019-01-18,28.027,28.1645,27.907,27.927,UAH,USD
2019-01-11,27.7845,28.227,27.7845,28.027,UAH,USD
2019-01-04,27.69,27.79,27.4445,27.7845,UAH,USD
2018-12-28,27.3345,27.69,27.1845,27.69,UAH,USD
2018-12-21,27.8845,27.8845,27.3345,27.3345,UAH,USD
2018-12-14,27.7745,27.8845,27.66,27.8845,UAH,USD
2018-12-07,28.1695,28.2,27.7545,27.7745,UAH,USD
2018-11-30,27.7195,28.4115,27.7195,28.1695,UAH,USD
2018-11-23,27.725,27.8045,27.69,27.7195,UAH,USD
2018-11-16,27.8345,27.91,27.725,27.725,UAH,USD
2018-11-09,28.0415,28.09,27.8215,27.8345,UAH,USD
2018-11-02,28.25,28.31,28.0415,28.0415,UAH,USD
2018-10-26,28.085,28.34,28.05,28.25,UAH,USD
2018-10-19,27.9,28.17,27.89,28.085,UAH,USD
2018-10-12,28.07,28.09,27.9,27.9,UAH,USD
2018-10-05,28.24,28.32,28.04,28.07,UAH,USD
2018-09-28,28.03,28.27,28.02,28.24,UAH,USD
2018-09-21,28.13,28.15,28.01,28.03,UAH,USD
2018-09-14,28.24,28.24,28.03,28.13,UAH,USD
2018-09-07,28.22,28.46,28.21,28.24,UAH,USD
2018-08-31,27.82,28.26,27.82,28.22,UAH,USD
2018-08-24,27.73,27.885,27.63,27.82,UAH,USD
2018-08-17,27.24,27.94,27.23,27.73,UAH,USD
2018-08-10,27.06,27.24,26.93,27.24,UAH,USD
2018-08-03,26.7,27.075,26.575,27.06,UAH,USD
2018-07-27,26.42,26.76,26.42,26.7,UAH,USD
2018-07-20,26.21,26.47,26.15,26.42,UAH,USD
2018-07-13,26.21,26.21,26.18,26.21,UAH,USD
2018-07-06,26.28,26.425,26.19,26.315,UAH,USD
2018-06-29,26.22,26.32,26.14,26.28,UAH,USD
2018-06-22,26.33,26.48,26.22,26.22,UAH,USD
2018-06-15,26.125,26.33,26.065,26.33,UAH,USD
2018-06-08,26.1,26.163,26.1,26.125,UAH,USD
2018-06-01,26.13,26.13,26.09,26.1,UAH,USD
2018-05-25,26.11,26.14,26.025,26.13,UAH,USD
2018-05-18,26.175,26.21,26.11,26.11,UAH,USD
2018-05-11,26.3,26.3,26.16,26.175,UAH,USD
2018-05-04,26.21,26.3,26.12,26.3,UAH,USD
2018-04-27,26.15,26.26,26.09,26.21,UAH,USD
2018-04-20,26.145,26.22,26.03,26.15,UAH,USD
2018-04-13,25.98,26.145,25.9,26.145,UAH,USD
2018-04-06,26.24,26.29,25.98,25.98,UAH,USD
2018-03-30,26.24,26.55,26.24,26.24,UAH,USD
2018-03-23,26.39,26.44,26.21,26.24,UAH,USD
2018-03-16,26.09,26.39,25.87,26.39,UAH,USD
2018-03-09,26.65,26.65,26.09,26.09,UAH,USD
2018-03-02,26.94,27.035,26.448,26.59,UAH,USD
2018-02-23,26.995,27.07,26.67,26.94,UAH,USD
2018-02-16,27.01,27.36,26.6,26.995,UAH,USD
2018-02-09,27.83,27.83,26.99,27.01,UAH,USD
2018-02-02,28.49,28.59,27.76,27.83,UAH,USD
2018-01-26,28.85,28.89,28.49,28.49,UAH,USD
2018-01-19,28.5375,28.85,28.52,28.85,UAH,USD
2018-01-12,28.18,28.5375,28.11,28.5375,UAH,USD
2018-01-05,28.135,28.18,27.835,28.18,UAH,USD
2017-12-29,27.93,28.135,27.81,28.135,UAH,USD
2017-12-22,27.646,27.985,27.63,27.93,UAH,USD
2017-12-15,27.09,27.646,27.09,27.646,UAH,USD
2017-12-08,27.07,27.25,27.07,27.09,UAH,USD
2017-12-01,26.89,27.19,26.8,27.07,UAH,USD
2017-11-24,26.465,26.89,26.43,26.89,UAH,USD
2017-11-17,26.48,26.71,26.45,26.465,UAH,USD
2017-11-10,26.94,26.94,26.48,26.48,UAH,USD
2017-11-03,26.77,26.95,26.77,26.94,UAH,USD
2017-10-27,26.52,26.88,26.52,26.77,UAH,USD
2017-10-20,26.5,26.56,26.34,26.52,UAH,USD
2017-10-13,26.74,26.77,26.47,26.5,UAH,USD
2017-10-06,26.59,26.82,26.21,26.74,UAH,USD
2017-09-29,26.26,26.6,26.21,26.59,UAH,USD
2017-09-22,26.18,26.26,26.09,26.26,UAH,USD
2017-09-15,26.04,26.22,25.97,26.18,UAH,USD
2017-09-08,25.75,26.05,25.75,26.04,UAH,USD
2017-09-01,25.52,25.77,25.41,25.75,UAH,USD
2017-08-25,25.46,25.57,25.39,25.52,UAH,USD
2017-08-18,25.65,25.74,25.44,25.45,UAH,USD
2017-08-11,25.85,25.85,25.64,25.65,UAH,USD
2017-08-04,25.9,25.92,25.76,25.85,UAH,USD
2017-07-28,25.86,25.99,25.78,25.9,UAH,USD
2017-07-21,26.0,26.0,25.84,25.86,UAH,USD
2017-07-14,26.02,26.06,25.89,26.0,UAH,USD
2017-07-07,26.06,26.11,25.89,26.02,UAH,USD
2017-06-30,26.02,26.11,25.98,26.06,UAH,USD
2017-06-23,26.01,26.03,25.99,26.02,UAH,USD
2017-06-16,26.13,26.13,25.97,26.01,UAH,USD
2017-06-09,26.26,26.34,26.09,26.13,UAH,USD
2017-06-02,26.3,26.4175,26.235,26.26,UAH,USD
2017-05-26,26.3415,26.38,26.24,26.3,UAH,USD
2017-05-19,26.45,26.47,26.34,26.3415,UAH,USD
2017-05-12,26.48,26.55,25.99,26.45,UAH,USD
2017-05-05,26.525,26.55,26.44,26.48,UAH,USD
2017-04-28,26.67,26.7,26.52,26.525,UAH,USD
2017-04-21,26.805,26.89,26.67,26.67,UAH,USD
2017-04-14,26.93,27.03,26.76,26.805,UAH,USD
2017-04-07,27.03,27.13,26.86,26.93,UAH,USD
2017-03-31,27.09,27.13,26.94,27.03,UAH,USD
2017-03-24,26.87,27.09,26.79,27.09,UAH,USD
2017-03-17,26.71,26.97,26.71,26.87,UAH,USD
2017-03-10,27.08,27.17,26.69,26.71,UAH,USD
2017-03-03,26.89,27.17,26.89,27.08,UAH,USD
2017-02-24,27.01,27.24,26.84,26.89,UAH,USD
2017-02-17,27.19,27.49,26.93,27.01,UAH,USD
2017-02-10,27.14,27.27,26.86,27.19,UAH,USD
2017-02-03,27.176,27.176,26.84,27.14,UAH,USD
2017-01-27,27.34,27.36,27.13,27.176,UAH,USD
2017-01-20,27.54,27.74,27.33,27.34,UAH,USD
2017-01-13,26.89,27.64,26.89,27.54,UAH,USD
2017-01-06,26.99,26.99,26.04,26.89,UAH,USD
2016-12-30,26.26,27.29,26.26,26.99,UAH,USD
2016-12-23,26.2,26.39,26.07,26.26,UAH,USD
2016-12-16,25.99,26.34,25.94,26.2,UAH,USD
2016-12-09,25.97,26.16,25.62,25.99,UAH,USD
2016-12-02,25.7,25.97,24.96,25.97,UAH,USD
2016-11-25,25.85,25.85,25.58,25.7,UAH,USD
2016-11-18,25.62,26.17,25.62,25.85,UAH,USD
2016-11-11,25.565,25.62,25.54,25.62,UAH,USD
2016-11-04,25.47,25.58,25.47,25.565,UAH,USD
2016-10-28,25.6375,25.6375,25.45,25.47,UAH,USD
2016-10-21,25.77,25.77,25.58,25.6375,UAH,USD
2016-10-14,25.75,25.835,25.75,25.77,UAH,USD
2016-10-07,25.9,25.9,25.75,25.75,UAH,USD
2016-09-30,25.93,25.93,25.77,25.9,UAH,USD
2016-09-23,25.8,25.93,25.73,25.93,UAH,USD
2016-09-16,26.63,26.63,25.8,25.8,UAH,USD
2016-09-09,24.7975,26.81,24.7975,26.63,UAH,USD
2016-09-02,25.46,26.65,25.46,26.65,UAH,USD
2016-08-26,25.21,25.46,25.21,25.46,UAH,USD
2016-08-19,25.0,25.21,24.88,25.21,UAH,USD
2016-08-12,24.81,25.0,24.8,25.0,UAH,USD
2016-08-05,24.82,24.9,24.77,24.81,UAH,USD
2016-07-29,24.74,24.82,24.74,24.82,UAH,USD
2016-07-22,24.82,24.835,24.74,24.74,UAH,USD
2016-07-15,24.84,24.84,24.75,24.82,UAH,USD
2016-07-08,24.815,24.84,24.8,24.84,UAH,USD
2016-07-01,24.875,24.9,24.8,24.815,UAH,USD
2016-06-24,24.88,24.88,24.81,24.875,UAH,USD
2016-06-17,24.98,24.98,24.84,24.88,UAH,USD
2016-06-10,24.9,24.9925,24.9,24.98,UAH,USD
2016-06-03,25.14,25.14,24.9,24.9,UAH,USD
2016-05-27,25.0,25.14,25.0,25.14,UAH,USD
2016-05-20,25.45,25.45,25.0,25.0,UAH,USD
2016-05-13,25.17,25.45,25.15,25.45,UAH,USD
2016-05-06,25.15,25.17,25.0,25.17,UAH,USD
2016-04-29,25.32,26.3,25.15,25.15,UAH,USD
2016-04-22,25.4,25.45,25.32,25.32,UAH,USD
2016-04-15,25.6,25.6,25.4,25.4,UAH,USD
2016-04-08,26.0,26.1,25.6,25.6,UAH,USD
2016-04-01,26.0,26.3,26.0,26.0,UAH,USD
2016-03-25,26.5,26.5,26.0,26.22,UAH,USD
2016-03-18,25.4,26.92,25.4,26.5,UAH,USD
2016-03-11,26.15,26.15,25.4,25.4,UAH,USD
2016-03-04,27.1,27.11,25.8,26.15,UAH,USD
2016-02-26,26.94,27.3,26.94,27.1,UAH,USD
2016-02-19,26.15,26.94,26.15,26.94,UAH,USD
2016-02-12,25.8,26.15,25.65,26.15,UAH,USD
2016-02-05,25.6,25.8,24.0,25.8,UAH,USD
2016-01-29,24.5,25.6,24.5,25.6,UAH,USD
2016-01-22,24.2,24.8,24.2,24.5,UAH,USD
2016-01-15,23.928,24.2,23.15,24.2,UAH,USD
2016-01-08,24.0,24.14,23.3,23.928,UAH,USD
2016-01-01,22.85,24.0,22.346,24.0,UAH,USD
2015-12-25,23.55,23.55,22.8,22.85,UAH,USD
2015-12-18,23.75,23.8,23.15,23.55,UAH,USD
2015-12-11,23.6,23.75,22.572,23.75,UAH,USD
2015-12-04,23.18,23.95,23.05,23.6,UAH,USD
2015-11-27,24.01,24.01,23.75,23.75,UAH,USD
2015-11-20,23.11,24.01,23.11,24.01,UAH,USD
2015-11-13,22.55,23.11,22.55,23.11,UAH,USD
2015-11-06,23.195,23.22,22.55,22.55,UAH,USD
2015-10-30,22.7,23.2,22.7,23.195,UAH,USD
2015-10-23,21.25,22.7,21.25,22.7,UAH,USD
2015-10-16,21.25,21.75,21.25,21.25,UAH,USD
2015-10-09,21.18,21.7,21.18,21.7,UAH,USD
2015-10-02,21.55,21.55,21.02,21.18,UAH,USD
2015-09-25,21.7,21.715,21.1,21.55,UAH,USD
2015-09-18,21.68,21.94,21.0,21.7,UAH,USD
2015-09-11,22.04,22.48,21.6,21.68,UAH,USD
2015-09-04,21.1,22.1,21.1,22.04,UAH,USD
2015-08-28,22.145,22.53,21.02,21.1,UAH,USD
2015-08-21,21.798,22.3,21.138,22.145,UAH,USD
2015-08-14,21.12,21.798,21.12,21.798,UAH,USD
2015-08-07,21.22,22.15,21.12,21.12,UAH,USD
2015-07-31,22.0,22.12,20.0,21.22,UAH,USD
2015-07-24,22.33,22.33,21.0,22.0,UAH,USD
2015-07-17,21.7,22.33,21.7,22.33,UAH,USD
2015-07-10,20.99,21.9,20.99,21.7,UAH,USD
2015-07-03,20.942,21.0,20.942,20.99,UAH,USD
2015-06-26,21.7,21.75,20.942,20.942,UAH,USD
2015-06-19,21.03,21.75,21.03,21.7,UAH,USD
2015-06-12,21.01,21.18,21.01,21.03,UAH,USD
2015-06-05,21.1,21.1,20.9,21.01,UAH,USD
2015-05-29,20.73,21.55,20.0,21.1,UAH,USD
2015-05-22,22.0,22.0,20.73,20.73,UAH,USD
2015-05-15,20.47,21.0,20.45,21.0,UAH,USD
2015-05-08,21.0,21.0,20.47,20.47,UAH,USD
2015-05-01,22.95,22.97,20.5,21.0,UAH,USD
2015-04-24,20.85,22.95,20.85,22.95,UAH,USD
2015-04-17,22.4,22.65,20.8,20.85,UAH,USD
2015-04-10,22.5,23.49,22.4,22.4,UAH,USD
2015-04-03,23.433,23.5,22.5,22.5,UAH,USD
2015-03-27,21.6745,23.433,21.545,23.433,UAH,USD
2015-03-20,21.365,23.38,21.365,21.6745,UAH,USD
2015-03-13,22.25,22.25,21.365,21.365,UAH,USD
2015-03-06,27.24,27.24,22.25,22.25,UAH,USD
2015-02-27,27.99,33.7,27.24,27.24,UAH,USD
2015-02-20,26.1,27.99,26.0,27.99,UAH,USD
2015-02-13,19.5,26.5,19.5,26.1,UAH,USD
2015-02-06,16.1575,24.35,16.1465,19.25,UAH,USD
2015-01-30,15.792,16.1575,15.792,16.1575,UAH,USD
2015-01-23,15.7975,15.8075,15.7675,15.792,UAH,USD
2015-01-16,15.749,15.7975,15.749,15.7975,UAH,USD
2015-01-09,15.7685,15.7795,15.749,15.749,UAH,USD
2015-01-02,15.7685,15.8564,15.6617,15.7685,UAH,USD
2014-12-19,15.7105,15.7785,15.7105,15.7685,UAH,USD
2014-12-12,15.4144,15.7105,15.4144,15.7105,UAH,USD
2014-12-05,14.969,15.4144,14.969,15.4144,UAH,USD
2014-11-28,15.0605,15.0605,14.969,14.969,UAH,USD
2014-11-21,15.51,15.51,15.0,15.096,UAH,USD
2014-11-14,14.4705,15.771,14.4705,15.51,UAH,USD
